"unit","age","ord_brth","geo","time","values","perc","countryname","region"
"NR",16,"1","AT",2018,66,0.2,"Austria","Western Europe"
"NR",16,"1","BE",2018,103,0.2,"Belgium","Western Europe"
"NR",16,"1","BG",2018,806,2.6,"Bulgaria","Eastern Europe"
"NR",16,"1","CZ",2018,194,0.4,"Czechia","Eastern Europe"
"NR",16,"1","EE",2018,17,0.3,"Estonia","Eastern Europe"
"NR",16,"1","EL",2018,226,0.6,"Greece","Southern Europe"
"NR",16,"1","ES",2018,584,0.3,"Spain","Southern Europe"
"NR",16,"1","HU",2018,550,1.3,"Hungary","Eastern Europe"
"NR",16,"1","NL",2018,53,0.1,"Netherlands","Western Europe"
"NR",16,"1","PL",2018,526,0.3,"Poland","Eastern Europe"
"NR",16,"1","PT",2018,176,0.4,"Portugal","Southern Europe"
"NR",16,"1","RO",2018,2262,2.1,"Roumania","Eastern Europe"
"NR",17,"1","AT",2018,149,0.4,"Austria","Western Europe"
"NR",17,"1","BE",2018,235,0.5,"Belgium","Western Europe"
"NR",17,"1","BG",2018,988,3.2,"Bulgaria","Eastern Europe"
"NR",17,"1","CZ",2018,317,0.6,"Czechia","Eastern Europe"
"NR",17,"1","EE",2018,38,0.7,"Estonia","Eastern Europe"
"NR",17,"1","EL",2018,246,0.6,"Greece","Southern Europe"
"NR",17,"1","ES",2018,1055,0.6,"Spain","Southern Europe"
"NR",17,"1","HU",2018,908,2.2,"Hungary","Eastern Europe"
"NR",17,"1","NL",2018,157,0.2,"Netherlands","Western Europe"
"NR",17,"1","PL",2018,1295,0.8,"Poland","Eastern Europe"
"NR",17,"1","PT",2018,307,0.7,"Portugal","Southern Europe"
"NR",17,"1","RO",2018,2912,2.7,"Roumania","Eastern Europe"
"NR",18,"1","AT",2018,259,0.6,"Austria","Western Europe"
"NR",18,"1","BE",2018,374,0.7,"Belgium","Western Europe"
"NR",18,"1","BG",2018,1012,3.3,"Bulgaria","Eastern Europe"
"NR",18,"1","CZ",2018,578,1.1,"Czechia","Eastern Europe"
"NR",18,"1","EE",2018,66,1.3,"Estonia","Eastern Europe"
"NR",18,"1","EL",2018,348,0.9,"Greece","Southern Europe"
"NR",18,"1","ES",2018,1770,1,"Spain","Southern Europe"
"NR",18,"1","HU",2018,1100,2.7,"Hungary","Eastern Europe"
"NR",18,"1","NL",2018,331,0.4,"Netherlands","Western Europe"
"NR",18,"1","PL",2018,2435,1.5,"Poland","Eastern Europe"
"NR",18,"1","PT",2018,474,1.1,"Portugal","Southern Europe"
"NR",18,"1","RO",2018,3515,3.3,"Roumania","Eastern Europe"
"NR",19,"1","AT",2018,521,1.3,"Austria","Western Europe"
"NR",19,"1","BE",2018,690,1.4,"Belgium","Western Europe"
"NR",19,"1","BG",2018,980,3.2,"Bulgaria","Eastern Europe"
"NR",19,"1","CZ",2018,886,1.6,"Czechia","Eastern Europe"
"NR",19,"1","EE",2018,128,2.4,"Estonia","Eastern Europe"
"NR",19,"1","EL",2018,483,1.2,"Greece","Southern Europe"
"NR",19,"1","ES",2018,2337,1.3,"Spain","Southern Europe"
"NR",19,"1","HU",2018,1141,2.8,"Hungary","Eastern Europe"
"NR",19,"1","NL",2018,632,0.8,"Netherlands","Western Europe"
"NR",19,"1","PL",2018,3808,2.3,"Poland","Eastern Europe"
"NR",19,"1","PT",2018,779,1.8,"Portugal","Southern Europe"
"NR",19,"1","RO",2018,3779,3.5,"Roumania","Eastern Europe"
"NR",20,"1","AT",2018,758,1.9,"Austria","Western Europe"
"NR",20,"1","BE",2018,860,1.7,"Belgium","Western Europe"
"NR",20,"1","BG",2018,901,3,"Bulgaria","Eastern Europe"
"NR",20,"1","CZ",2018,1105,2,"Czechia","Eastern Europe"
"NR",20,"1","EE",2018,144,2.7,"Estonia","Eastern Europe"
"NR",20,"1","EL",2018,613,1.5,"Greece","Southern Europe"
"NR",20,"1","ES",2018,2891,1.6,"Spain","Southern Europe"
"NR",20,"1","HU",2018,1199,2.9,"Hungary","Eastern Europe"
"NR",20,"1","NL",2018,893,1.2,"Netherlands","Western Europe"
"NR",20,"1","PL",2018,4865,2.9,"Poland","Eastern Europe"
"NR",20,"1","PT",2018,962,2.2,"Portugal","Southern Europe"
"NR",20,"1","RO",2018,4047,3.8,"Roumania","Eastern Europe"
"NR",21,"1","AT",2018,1023,2.5,"Austria","Western Europe"
"NR",21,"1","BE",2018,1084,2.2,"Belgium","Western Europe"
"NR",21,"1","BG",2018,1059,3.5,"Bulgaria","Eastern Europe"
"NR",21,"1","CZ",2018,1380,2.5,"Czechia","Eastern Europe"
"NR",21,"1","EE",2018,176,3.3,"Estonia","Eastern Europe"
"NR",21,"1","EL",2018,711,1.8,"Greece","Southern Europe"
"NR",21,"1","ES",2018,3243,1.8,"Spain","Southern Europe"
"NR",21,"1","HU",2018,1218,3,"Hungary","Eastern Europe"
"NR",21,"1","NL",2018,1219,1.6,"Netherlands","Western Europe"
"NR",21,"1","PL",2018,5887,3.6,"Poland","Eastern Europe"
"NR",21,"1","PT",2018,1116,2.5,"Portugal","Southern Europe"
"NR",21,"1","RO",2018,4038,3.8,"Roumania","Eastern Europe"
"NR",22,"1","AT",2018,1329,3.3,"Austria","Western Europe"
"NR",22,"1","BE",2018,1507,3,"Belgium","Western Europe"
"NR",22,"1","BG",2018,1234,4.1,"Bulgaria","Eastern Europe"
"NR",22,"1","CZ",2018,1674,3.1,"Czechia","Eastern Europe"
"NR",22,"1","EE",2018,185,3.5,"Estonia","Eastern Europe"
"NR",22,"1","EL",2018,817,2,"Greece","Southern Europe"
"NR",22,"1","ES",2018,3555,2,"Spain","Southern Europe"
"NR",22,"1","HU",2018,1283,3.1,"Hungary","Eastern Europe"
"NR",22,"1","NL",2018,1771,2.3,"Netherlands","Western Europe"
"NR",22,"1","PL",2018,6723,4.1,"Poland","Eastern Europe"
"NR",22,"1","PT",2018,1301,2.9,"Portugal","Southern Europe"
"NR",22,"1","RO",2018,4463,4.2,"Roumania","Eastern Europe"
"NR",23,"1","AT",2018,1621,4,"Austria","Western Europe"
"NR",23,"1","BE",2018,1818,3.6,"Belgium","Western Europe"
"NR",23,"1","BG",2018,1311,4.3,"Bulgaria","Eastern Europe"
"NR",23,"1","CZ",2018,1941,3.5,"Czechia","Eastern Europe"
"NR",23,"1","EE",2018,232,4.4,"Estonia","Eastern Europe"
"NR",23,"1","EL",2018,1034,2.6,"Greece","Southern Europe"
"NR",23,"1","ES",2018,3860,2.1,"Spain","Southern Europe"
"NR",23,"1","HU",2018,1472,3.6,"Hungary","Eastern Europe"
"NR",23,"1","NL",2018,2332,3.1,"Netherlands","Western Europe"
"NR",23,"1","PL",2018,7956,4.8,"Poland","Eastern Europe"
"NR",23,"1","PT",2018,1365,3.1,"Portugal","Southern Europe"
"NR",23,"1","RO",2018,4905,4.6,"Roumania","Eastern Europe"
"NR",24,"1","AT",2018,1920,4.8,"Austria","Western Europe"
"NR",24,"1","BE",2018,2364,4.7,"Belgium","Western Europe"
"NR",24,"1","BG",2018,1631,5.4,"Bulgaria","Eastern Europe"
"NR",24,"1","CZ",2018,2741,5,"Czechia","Eastern Europe"
"NR",24,"1","EE",2018,254,4.8,"Estonia","Eastern Europe"
"NR",24,"1","EL",2018,1227,3,"Greece","Southern Europe"
"NR",24,"1","ES",2018,4390,2.4,"Spain","Southern Europe"
"NR",24,"1","HU",2018,1775,4.3,"Hungary","Eastern Europe"
"NR",24,"1","NL",2018,3172,4.2,"Netherlands","Western Europe"
"NR",24,"1","PL",2018,9651,5.8,"Poland","Eastern Europe"
"NR",24,"1","PT",2018,1536,3.5,"Portugal","Southern Europe"
"NR",24,"1","RO",2018,5432,5.1,"Roumania","Eastern Europe"
"NR",25,"1","AT",2018,2254,5.6,"Austria","Western Europe"
"NR",25,"1","BE",2018,3033,6,"Belgium","Western Europe"
"NR",25,"1","BG",2018,1867,6.1,"Bulgaria","Eastern Europe"
"NR",25,"1","CZ",2018,3343,6.1,"Czechia","Eastern Europe"
"NR",25,"1","EE",2018,367,7,"Estonia","Eastern Europe"
"NR",25,"1","EL",2018,1440,3.6,"Greece","Southern Europe"
"NR",25,"1","ES",2018,5182,2.9,"Spain","Southern Europe"
"NR",25,"1","HU",2018,2024,4.9,"Hungary","Eastern Europe"
"NR",25,"1","NL",2018,4006,5.3,"Netherlands","Western Europe"
"NR",25,"1","PL",2018,11588,7,"Poland","Eastern Europe"
"NR",25,"1","PT",2018,1909,4.3,"Portugal","Southern Europe"
"NR",25,"1","RO",2018,5956,5.6,"Roumania","Eastern Europe"
"NR",26,"1","AT",2018,2572,6.4,"Austria","Western Europe"
"NR",26,"1","BE",2018,3894,7.7,"Belgium","Western Europe"
"NR",26,"1","BG",2018,2096,6.9,"Bulgaria","Eastern Europe"
"NR",26,"1","CZ",2018,3788,6.9,"Czechia","Eastern Europe"
"NR",26,"1","EE",2018,418,7.9,"Estonia","Eastern Europe"
"NR",26,"1","EL",2018,1702,4.2,"Greece","Southern Europe"
"NR",26,"1","ES",2018,6177,3.4,"Spain","Southern Europe"
"NR",26,"1","HU",2018,2337,5.7,"Hungary","Eastern Europe"
"NR",26,"1","NL",2018,5194,6.9,"Netherlands","Western Europe"
"NR",26,"1","PL",2018,13737,8.3,"Poland","Eastern Europe"
"NR",26,"1","PT",2018,2101,4.7,"Portugal","Southern Europe"
"NR",26,"1","RO",2018,6593,6.2,"Roumania","Eastern Europe"
"NR",27,"1","AT",2018,2783,6.9,"Austria","Western Europe"
"NR",27,"1","BE",2018,4454,8.8,"Belgium","Western Europe"
"NR",27,"1","BG",2018,2248,7.4,"Bulgaria","Eastern Europe"
"NR",27,"1","CZ",2018,4574,8.4,"Czechia","Eastern Europe"
"NR",27,"1","EE",2018,449,8.5,"Estonia","Eastern Europe"
"NR",27,"1","EL",2018,2124,5.3,"Greece","Southern Europe"
"NR",27,"1","ES",2018,7336,4,"Spain","Southern Europe"
"NR",27,"1","HU",2018,2685,6.5,"Hungary","Eastern Europe"
"NR",27,"1","NL",2018,5934,7.9,"Netherlands","Western Europe"
"NR",27,"1","PL",2018,14884,9,"Poland","Eastern Europe"
"NR",27,"1","PT",2018,2412,5.4,"Portugal","Southern Europe"
"NR",27,"1","RO",2018,6697,6.3,"Roumania","Eastern Europe"
"NR",28,"1","AT",2018,2894,7.2,"Austria","Western Europe"
"NR",28,"1","BE",2018,4749,9.4,"Belgium","Western Europe"
"NR",28,"1","BG",2018,2287,7.5,"Bulgaria","Eastern Europe"
"NR",28,"1","CZ",2018,4686,8.6,"Czechia","Eastern Europe"
"NR",28,"1","EE",2018,465,8.8,"Estonia","Eastern Europe"
"NR",28,"1","EL",2018,2459,6.1,"Greece","Southern Europe"
"NR",28,"1","ES",2018,8753,4.8,"Spain","Southern Europe"
"NR",28,"1","HU",2018,2841,6.9,"Hungary","Eastern Europe"
"NR",28,"1","NL",2018,6616,8.8,"Netherlands","Western Europe"
"NR",28,"1","PL",2018,14351,8.7,"Poland","Eastern Europe"
"NR",28,"1","PT",2018,2744,6.2,"Portugal","Southern Europe"
"NR",28,"1","RO",2018,8065,7.6,"Roumania","Eastern Europe"
"NR",29,"1","AT",2018,2984,7.4,"Austria","Western Europe"
"NR",29,"1","BE",2018,4734,9.4,"Belgium","Western Europe"
"NR",29,"1","BG",2018,2137,7,"Bulgaria","Eastern Europe"
"NR",29,"1","CZ",2018,4734,8.7,"Czechia","Eastern Europe"
"NR",29,"1","EE",2018,457,8.7,"Estonia","Eastern Europe"
"NR",29,"1","EL",2018,2689,6.7,"Greece","Southern Europe"
"NR",29,"1","ES",2018,10060,5.5,"Spain","Southern Europe"
"NR",29,"1","HU",2018,2842,6.9,"Hungary","Eastern Europe"
"NR",29,"1","NL",2018,6755,8.9,"Netherlands","Western Europe"
"NR",29,"1","PL",2018,13081,7.9,"Poland","Eastern Europe"
"NR",29,"1","PT",2018,3062,6.9,"Portugal","Southern Europe"
"NR",29,"1","RO",2018,7583,7.1,"Roumania","Eastern Europe"
"NR",30,"1","AT",2018,2976,7.4,"Austria","Western Europe"
"NR",30,"1","BE",2018,4304,8.5,"Belgium","Western Europe"
"NR",30,"1","BG",2018,1968,6.5,"Bulgaria","Eastern Europe"
"NR",30,"1","CZ",2018,4433,8.1,"Czechia","Eastern Europe"
"NR",30,"1","EE",2018,395,7.5,"Estonia","Eastern Europe"
"NR",30,"1","EL",2018,2946,7.3,"Greece","Southern Europe"
"NR",30,"1","ES",2018,11560,6.4,"Spain","Southern Europe"
"NR",30,"1","HU",2018,2849,6.9,"Hungary","Eastern Europe"
"NR",30,"1","NL",2018,6832,9,"Netherlands","Western Europe"
"NR",30,"1","PL",2018,11617,7,"Poland","Eastern Europe"
"NR",30,"1","PT",2018,3277,7.4,"Portugal","Southern Europe"
"NR",30,"1","RO",2018,7252,6.8,"Roumania","Eastern Europe"
"NR",31,"1","AT",2018,2949,7.3,"Austria","Western Europe"
"NR",31,"1","BE",2018,3492,6.9,"Belgium","Western Europe"
"NR",31,"1","BG",2018,1584,5.2,"Bulgaria","Eastern Europe"
"NR",31,"1","CZ",2018,3844,7,"Czechia","Eastern Europe"
"NR",31,"1","EE",2018,302,5.7,"Estonia","Eastern Europe"
"NR",31,"1","EL",2018,2923,7.2,"Greece","Southern Europe"
"NR",31,"1","ES",2018,12790,7,"Spain","Southern Europe"
"NR",31,"1","HU",2018,2610,6.3,"Hungary","Eastern Europe"
"NR",31,"1","NL",2018,6538,8.7,"Netherlands","Western Europe"
"NR",31,"1","PL",2018,9568,5.8,"Poland","Eastern Europe"
"NR",31,"1","PT",2018,3255,7.3,"Portugal","Southern Europe"
"NR",31,"1","RO",2018,6070,5.7,"Roumania","Eastern Europe"
"NR",32,"1","AT",2018,2518,6.3,"Austria","Western Europe"
"NR",32,"1","BE",2018,2719,5.4,"Belgium","Western Europe"
"NR",32,"1","BG",2018,1326,4.4,"Bulgaria","Eastern Europe"
"NR",32,"1","CZ",2018,3286,6,"Czechia","Eastern Europe"
"NR",32,"1","EE",2018,249,4.7,"Estonia","Eastern Europe"
"NR",32,"1","EL",2018,2785,6.9,"Greece","Southern Europe"
"NR",32,"1","ES",2018,12731,7,"Spain","Southern Europe"
"NR",32,"1","HU",2018,2318,5.6,"Hungary","Eastern Europe"
"NR",32,"1","NL",2018,5516,7.3,"Netherlands","Western Europe"
"NR",32,"1","PL",2018,7836,4.7,"Poland","Eastern Europe"
"NR",32,"1","PT",2018,2847,6.4,"Portugal","Southern Europe"
"NR",32,"1","RO",2018,4882,4.6,"Roumania","Eastern Europe"
"NR",33,"1","AT",2018,2262,5.6,"Austria","Western Europe"
"NR",33,"1","BE",2018,2236,4.4,"Belgium","Western Europe"
"NR",33,"1","BG",2018,970,3.2,"Bulgaria","Eastern Europe"
"NR",33,"1","CZ",2018,2607,4.8,"Czechia","Eastern Europe"
"NR",33,"1","EE",2018,229,4.3,"Estonia","Eastern Europe"
"NR",33,"1","EL",2018,2664,6.6,"Greece","Southern Europe"
"NR",33,"1","ES",2018,12905,7.1,"Spain","Southern Europe"
"NR",33,"1","HU",2018,1970,4.8,"Hungary","Eastern Europe"
"NR",33,"1","NL",2018,4167,5.5,"Netherlands","Western Europe"
"NR",33,"1","PL",2018,6383,3.9,"Poland","Eastern Europe"
"NR",33,"1","PT",2018,2607,5.9,"Portugal","Southern Europe"
"NR",33,"1","RO",2018,4052,3.8,"Roumania","Eastern Europe"
"NR",34,"1","AT",2018,1899,4.7,"Austria","Western Europe"
"NR",34,"1","BE",2018,1793,3.6,"Belgium","Western Europe"
"NR",34,"1","BG",2018,896,2.9,"Bulgaria","Eastern Europe"
"NR",34,"1","CZ",2018,2060,3.8,"Czechia","Eastern Europe"
"NR",34,"1","EE",2018,167,3.2,"Estonia","Eastern Europe"
"NR",34,"1","EL",2018,2540,6.3,"Greece","Southern Europe"
"NR",34,"1","ES",2018,12255,6.8,"Spain","Southern Europe"
"NR",34,"1","HU",2018,1691,4.1,"Hungary","Eastern Europe"
"NR",34,"1","NL",2018,3278,4.3,"Netherlands","Western Europe"
"NR",34,"1","PL",2018,5109,3.1,"Poland","Eastern Europe"
"NR",34,"1","PT",2018,2463,5.6,"Portugal","Southern Europe"
"NR",34,"1","RO",2018,3028,2.8,"Roumania","Eastern Europe"
"NR",35,"1","AT",2018,1734,4.3,"Austria","Western Europe"
"NR",35,"1","BE",2018,1464,2.9,"Belgium","Western Europe"
"NR",35,"1","BG",2018,657,2.2,"Bulgaria","Eastern Europe"
"NR",35,"1","CZ",2018,1649,3,"Czechia","Eastern Europe"
"NR",35,"1","EE",2018,139,2.6,"Estonia","Eastern Europe"
"NR",35,"1","EL",2018,2295,5.7,"Greece","Southern Europe"
"NR",35,"1","ES",2018,11447,6.3,"Spain","Southern Europe"
"NR",35,"1","HU",2018,1425,3.5,"Hungary","Eastern Europe"
"NR",35,"1","NL",2018,2641,3.5,"Netherlands","Western Europe"
"NR",35,"1","PL",2018,4058,2.5,"Poland","Eastern Europe"
"NR",35,"1","PT",2018,2138,4.8,"Portugal","Southern Europe"
"NR",35,"1","RO",2018,2470,2.3,"Roumania","Eastern Europe"
"NR",36,"1","AT",2018,1440,3.6,"Austria","Western Europe"
"NR",36,"1","BE",2018,1158,2.3,"Belgium","Western Europe"
"NR",36,"1","BG",2018,576,1.9,"Bulgaria","Eastern Europe"
"NR",36,"1","CZ",2018,1328,2.4,"Czechia","Eastern Europe"
"NR",36,"1","EE",2018,99,1.9,"Estonia","Eastern Europe"
"NR",36,"1","EL",2018,1891,4.7,"Greece","Southern Europe"
"NR",36,"1","ES",2018,10344,5.7,"Spain","Southern Europe"
"NR",36,"1","HU",2018,1224,3,"Hungary","Eastern Europe"
"NR",36,"1","NL",2018,2072,2.7,"Netherlands","Western Europe"
"NR",36,"1","PL",2018,2934,1.8,"Poland","Eastern Europe"
"NR",36,"1","PT",2018,1825,4.1,"Portugal","Southern Europe"
"NR",36,"1","RO",2018,2303,2.2,"Roumania","Eastern Europe"
"NR",37,"1","AT",2018,996,2.5,"Austria","Western Europe"
"NR",37,"1","BE",2018,926,1.8,"Belgium","Western Europe"
"NR",37,"1","BG",2018,467,1.5,"Bulgaria","Eastern Europe"
"NR",37,"1","CZ",2018,1005,1.8,"Czechia","Eastern Europe"
"NR",37,"1","EE",2018,85,1.6,"Estonia","Eastern Europe"
"NR",37,"1","EL",2018,1572,3.9,"Greece","Southern Europe"
"NR",37,"1","ES",2018,8720,4.8,"Spain","Southern Europe"
"NR",37,"1","HU",2018,991,2.4,"Hungary","Eastern Europe"
"NR",37,"1","NL",2018,1568,2.1,"Netherlands","Western Europe"
"NR",37,"1","PL",2018,2225,1.3,"Poland","Eastern Europe"
"NR",37,"1","PT",2018,1507,3.4,"Portugal","Southern Europe"
"NR",37,"1","RO",2018,1832,1.7,"Roumania","Eastern Europe"
"NR",38,"1","AT",2018,736,1.8,"Austria","Western Europe"
"NR",38,"1","BE",2018,692,1.4,"Belgium","Western Europe"
"NR",38,"1","BG",2018,377,1.2,"Bulgaria","Eastern Europe"
"NR",38,"1","CZ",2018,792,1.4,"Czechia","Eastern Europe"
"NR",38,"1","EE",2018,62,1.2,"Estonia","Eastern Europe"
"NR",38,"1","EL",2018,1274,3.2,"Greece","Southern Europe"
"NR",38,"1","ES",2018,7278,4,"Spain","Southern Europe"
"NR",38,"1","HU",2018,751,1.8,"Hungary","Eastern Europe"
"NR",38,"1","NL",2018,1224,1.6,"Netherlands","Western Europe"
"NR",38,"1","PL",2018,1618,1,"Poland","Eastern Europe"
"NR",38,"1","PT",2018,1169,2.6,"Portugal","Southern Europe"
"NR",38,"1","RO",2018,1449,1.4,"Roumania","Eastern Europe"
"NR",39,"1","AT",2018,594,1.5,"Austria","Western Europe"
"NR",39,"1","BE",2018,507,1,"Belgium","Western Europe"
"NR",39,"1","BG",2018,278,0.9,"Bulgaria","Eastern Europe"
"NR",39,"1","CZ",2018,696,1.3,"Czechia","Eastern Europe"
"NR",39,"1","EE",2018,29,0.6,"Estonia","Eastern Europe"
"NR",39,"1","EL",2018,952,2.4,"Greece","Southern Europe"
"NR",39,"1","ES",2018,5783,3.2,"Spain","Southern Europe"
"NR",39,"1","HU",2018,582,1.4,"Hungary","Eastern Europe"
"NR",39,"1","NL",2018,904,1.2,"Netherlands","Western Europe"
"NR",39,"1","PL",2018,1173,0.7,"Poland","Eastern Europe"
"NR",39,"1","PT",2018,945,2.1,"Portugal","Southern Europe"
"NR",39,"1","RO",2018,1028,1,"Roumania","Eastern Europe"
"NR",40,"1","AT",2018,404,1,"Austria","Western Europe"
"NR",40,"1","BE",2018,411,0.8,"Belgium","Western Europe"
"NR",40,"1","BG",2018,244,0.8,"Bulgaria","Eastern Europe"
"NR",40,"1","CZ",2018,424,0.8,"Czechia","Eastern Europe"
"NR",40,"1","EE",2018,32,0.6,"Estonia","Eastern Europe"
"NR",40,"1","EL",2018,708,1.8,"Greece","Southern Europe"
"NR",40,"1","ES",2018,4846,2.7,"Spain","Southern Europe"
"NR",40,"1","HU",2018,491,1.2,"Hungary","Eastern Europe"
"NR",40,"1","NL",2018,670,0.9,"Netherlands","Western Europe"
"NR",40,"1","PL",2018,825,0.5,"Poland","Eastern Europe"
"NR",40,"1","PT",2018,727,1.6,"Portugal","Southern Europe"
"NR",40,"1","RO",2018,782,0.7,"Roumania","Eastern Europe"
"NR",41,"1","AT",2018,229,0.6,"Austria","Western Europe"
"NR",41,"1","BE",2018,288,0.6,"Belgium","Western Europe"
"NR",41,"1","BG",2018,177,0.6,"Bulgaria","Eastern Europe"
"NR",41,"1","CZ",2018,249,0.5,"Czechia","Eastern Europe"
"NR",41,"1","EE",2018,47,0.9,"Estonia","Eastern Europe"
"NR",41,"1","EL",2018,505,1.3,"Greece","Southern Europe"
"NR",41,"1","ES",2018,3356,1.8,"Spain","Southern Europe"
"NR",41,"1","HU",2018,345,0.8,"Hungary","Eastern Europe"
"NR",41,"1","NL",2018,395,0.5,"Netherlands","Western Europe"
"NR",41,"1","PL",2018,559,0.3,"Poland","Eastern Europe"
"NR",41,"1","PT",2018,513,1.2,"Portugal","Southern Europe"
"NR",41,"1","RO",2018,489,0.5,"Roumania","Eastern Europe"
"NR",42,"1","AT",2018,168,0.4,"Austria","Western Europe"
"NR",42,"1","BE",2018,178,0.4,"Belgium","Western Europe"
"NR",42,"1","BG",2018,118,0.4,"Bulgaria","Eastern Europe"
"NR",42,"1","CZ",2018,156,0.3,"Czechia","Eastern Europe"
"NR",42,"1","EE",2018,14,0.3,"Estonia","Eastern Europe"
"NR",42,"1","EL",2018,374,0.9,"Greece","Southern Europe"
"NR",42,"1","ES",2018,2326,1.3,"Spain","Southern Europe"
"NR",42,"1","HU",2018,247,0.6,"Hungary","Eastern Europe"
"NR",42,"1","NL",2018,269,0.4,"Netherlands","Western Europe"
"NR",42,"1","PL",2018,305,0.2,"Poland","Eastern Europe"
"NR",42,"1","PT",2018,326,0.7,"Portugal","Southern Europe"
"NR",42,"1","RO",2018,309,0.3,"Roumania","Eastern Europe"
"NR",43,"1","AT",2018,98,0.2,"Austria","Western Europe"
"NR",43,"1","BE",2018,122,0.2,"Belgium","Western Europe"
"NR",43,"1","BG",2018,86,0.3,"Bulgaria","Eastern Europe"
"NR",43,"1","CZ",2018,88,0.2,"Czechia","Eastern Europe"
"NR",43,"1","EE",2018,8,0.2,"Estonia","Eastern Europe"
"NR",43,"1","EL",2018,239,0.6,"Greece","Southern Europe"
"NR",43,"1","ES",2018,1551,0.9,"Spain","Southern Europe"
"NR",43,"1","HU",2018,116,0.3,"Hungary","Eastern Europe"
"NR",43,"1","NL",2018,177,0.2,"Netherlands","Western Europe"
"NR",43,"1","PL",2018,187,0.1,"Poland","Eastern Europe"
"NR",43,"1","PT",2018,190,0.4,"Portugal","Southern Europe"
"NR",43,"1","RO",2018,186,0.2,"Roumania","Eastern Europe"
"NR",44,"1","AT",2018,50,0.1,"Austria","Western Europe"
"NR",44,"1","BE",2018,64,0.1,"Belgium","Western Europe"
"NR",44,"1","BG",2018,47,0.2,"Bulgaria","Eastern Europe"
"NR",44,"1","CZ",2018,54,0.1,"Czechia","Eastern Europe"
"NR",44,"1","EE",2018,5,0.1,"Estonia","Eastern Europe"
"NR",44,"1","EL",2018,168,0.4,"Greece","Southern Europe"
"NR",44,"1","ES",2018,947,0.5,"Spain","Southern Europe"
"NR",44,"1","HU",2018,65,0.2,"Hungary","Eastern Europe"
"NR",44,"1","NL",2018,80,0.1,"Netherlands","Western Europe"
"NR",44,"1","PL",2018,74,0,"Poland","Eastern Europe"
"NR",44,"1","PT",2018,122,0.3,"Portugal","Southern Europe"
"NR",44,"1","RO",2018,116,0.1,"Roumania","Eastern Europe"
"NR",45,"1","AT",2018,35,0.1,"Austria","Western Europe"
"NR",45,"1","BE",2018,43,0.1,"Belgium","Western Europe"
"NR",45,"1","BG",2018,41,0.1,"Bulgaria","Eastern Europe"
"NR",45,"1","CZ",2018,35,0.1,"Czechia","Eastern Europe"
"NR",45,"1","EE",2018,3,0.1,"Estonia","Eastern Europe"
"NR",45,"1","EL",2018,120,0.3,"Greece","Southern Europe"
"NR",45,"1","ES",2018,654,0.4,"Spain","Southern Europe"
"NR",45,"1","HU",2018,18,0,"Hungary","Eastern Europe"
"NR",45,"1","NL",2018,44,0.1,"Netherlands","Western Europe"
"NR",45,"1","PL",2018,47,0,"Poland","Eastern Europe"
"NR",45,"1","PT",2018,72,0.2,"Portugal","Southern Europe"
"NR",45,"1","RO",2018,46,0,"Roumania","Eastern Europe"
"NR",46,"1","AT",2018,29,0.1,"Austria","Western Europe"
"NR",46,"1","BE",2018,24,0,"Belgium","Western Europe"
"NR",46,"1","BG",2018,21,0.1,"Bulgaria","Eastern Europe"
"NR",46,"1","CZ",2018,21,0,"Czechia","Eastern Europe"
"NR",46,"1","EE",2018,6,0.1,"Estonia","Eastern Europe"
"NR",46,"1","EL",2018,97,0.2,"Greece","Southern Europe"
"NR",46,"1","ES",2018,398,0.2,"Spain","Southern Europe"
"NR",46,"1","HU",2018,9,0,"Hungary","Eastern Europe"
"NR",46,"1","NL",2018,29,0,"Netherlands","Western Europe"
"NR",46,"1","PL",2018,22,0,"Poland","Eastern Europe"
"NR",46,"1","PT",2018,48,0.1,"Portugal","Southern Europe"
"NR",46,"1","RO",2018,34,0,"Roumania","Eastern Europe"
"NR",47,"1","AT",2018,15,0,"Austria","Western Europe"
"NR",47,"1","BE",2018,13,0,"Belgium","Western Europe"
"NR",47,"1","BG",2018,24,0.1,"Bulgaria","Eastern Europe"
"NR",47,"1","CZ",2018,7,0,"Czechia","Eastern Europe"
"NR",47,"1","EE",2018,0,0,"Estonia","Eastern Europe"
"NR",47,"1","EL",2018,67,0.2,"Greece","Southern Europe"
"NR",47,"1","ES",2018,242,0.1,"Spain","Southern Europe"
"NR",47,"1","HU",2018,12,0,"Hungary","Eastern Europe"
"NR",47,"1","NL",2018,23,0,"Netherlands","Western Europe"
"NR",47,"1","PL",2018,13,0,"Poland","Eastern Europe"
"NR",47,"1","PT",2018,19,0,"Portugal","Southern Europe"
"NR",47,"1","RO",2018,20,0,"Roumania","Eastern Europe"
"NR",48,"1","AT",2018,14,0,"Austria","Western Europe"
"NR",48,"1","BE",2018,15,0,"Belgium","Western Europe"
"NR",48,"1","BG",2018,12,0,"Bulgaria","Eastern Europe"
"NR",48,"1","CZ",2018,3,0,"Czechia","Eastern Europe"
"NR",48,"1","EE",2018,0,0,"Estonia","Eastern Europe"
"NR",48,"1","EL",2018,50,0.1,"Greece","Southern Europe"
"NR",48,"1","ES",2018,127,0.1,"Spain","Southern Europe"
"NR",48,"1","HU",2018,8,0,"Hungary","Eastern Europe"
"NR",48,"1","NL",2018,6,0,"Netherlands","Western Europe"
"NR",48,"1","PL",2018,3,0,"Poland","Eastern Europe"
"NR",48,"1","PT",2018,18,0,"Portugal","Southern Europe"
"NR",48,"1","RO",2018,14,0,"Roumania","Eastern Europe"
"NR",49,"1","AT",2018,2,0,"Austria","Western Europe"
"NR",49,"1","BE",2018,6,0,"Belgium","Western Europe"
"NR",49,"1","BG",2018,8,0,"Bulgaria","Eastern Europe"
"NR",49,"1","CZ",2018,1,0,"Czechia","Eastern Europe"
"NR",49,"1","EE",2018,0,0,"Estonia","Eastern Europe"
"NR",49,"1","EL",2018,36,0.1,"Greece","Southern Europe"
"NR",49,"1","ES",2018,82,0,"Spain","Southern Europe"
"NR",49,"1","HU",2018,7,0,"Hungary","Eastern Europe"
"NR",49,"1","NL",2018,10,0,"Netherlands","Western Europe"
"NR",49,"1","PL",2018,8,0,"Poland","Eastern Europe"
"NR",49,"1","PT",2018,8,0,"Portugal","Southern Europe"
"NR",49,"1","RO",2018,12,0,"Roumania","Eastern Europe"
"NR",16,"1","AT",1995,212,0.5,"Austria","Western Europe"
"NR",16,"1","BE",1995,26,0.1,"Belgium","Western Europe"
"NR",16,"1","BG",1995,1644,4.3,"Bulgaria","Eastern Europe"
"NR",16,"1","CZ",1995,367,0.8,"Czechia","Eastern Europe"
"NR",16,"1","EE",1995,114,1.7,"Estonia","Eastern Europe"
"NR",16,"1","EL",1995,337,0.7,"Greece","Southern Europe"
"NR",16,"1","ES",1995,1033,0.6,"Spain","Southern Europe"
"NR",16,"1","HU",1995,1081,2.3,"Hungary","Eastern Europe"
"NR",16,"1","NL",1995,128,0.2,"Netherlands","Western Europe"
"NR",16,"1","PL",1995,1441,0.8,"Poland","Eastern Europe"
"NR",16,"1","PT",1995,690,1.2,"Portugal","Southern Europe"
"NR",16,"1","RO",1995,3564,2.8,"Roumania","Eastern Europe"
"NR",17,"1","AT",1995,562,1.4,"Austria","Western Europe"
"NR",17,"1","BE",1995,106,0.2,"Belgium","Western Europe"
"NR",17,"1","BG",1995,2230,5.9,"Bulgaria","Eastern Europe"
"NR",17,"1","CZ",1995,1094,2.5,"Czechia","Eastern Europe"
"NR",17,"1","EE",1995,240,3.6,"Estonia","Eastern Europe"
"NR",17,"1","EL",1995,626,1.3,"Greece","Southern Europe"
"NR",17,"1","ES",1995,2080,1.1,"Spain","Southern Europe"
"NR",17,"1","HU",1995,1733,3.6,"Hungary","Eastern Europe"
"NR",17,"1","NL",1995,358,0.4,"Netherlands","Western Europe"
"NR",17,"1","PL",1995,4298,2.4,"Poland","Eastern Europe"
"NR",17,"1","PT",1995,1314,2.3,"Portugal","Southern Europe"
"NR",17,"1","RO",1995,6515,5.1,"Roumania","Eastern Europe"
"NR",18,"1","AT",1995,921,2.3,"Austria","Western Europe"
"NR",18,"1","BE",1995,333,0.7,"Belgium","Western Europe"
"NR",18,"1","BG",1995,3255,8.6,"Bulgaria","Eastern Europe"
"NR",18,"1","CZ",1995,2797,6.3,"Czechia","Eastern Europe"
"NR",18,"1","EE",1995,530,8,"Estonia","Eastern Europe"
"NR",18,"1","EL",1995,1031,2.2,"Greece","Southern Europe"
"NR",18,"1","ES",1995,3059,1.6,"Spain","Southern Europe"
"NR",18,"1","HU",1995,2823,5.9,"Hungary","Eastern Europe"
"NR",18,"1","NL",1995,615,0.7,"Netherlands","Western Europe"
"NR",18,"1","PL",1995,9054,5.1,"Poland","Eastern Europe"
"NR",18,"1","PT",1995,2115,3.7,"Portugal","Southern Europe"
"NR",18,"1","RO",1995,9554,7.5,"Roumania","Eastern Europe"
"NR",19,"1","AT",1995,1654,4.2,"Austria","Western Europe"
"NR",19,"1","BE",1995,630,1.4,"Belgium","Western Europe"
"NR",19,"1","BG",1995,4345,11.4,"Bulgaria","Eastern Europe"
"NR",19,"1","CZ",1995,5265,11.9,"Czechia","Eastern Europe"
"NR",19,"1","EE",1995,753,11.3,"Estonia","Eastern Europe"
"NR",19,"1","EL",1995,1592,3.4,"Greece","Southern Europe"
"NR",19,"1","ES",1995,4025,2.2,"Spain","Southern Europe"
"NR",19,"1","HU",1995,4206,8.8,"Hungary","Eastern Europe"
"NR",19,"1","NL",1995,1143,1.3,"Netherlands","Western Europe"
"NR",19,"1","PL",1995,15454,8.8,"Poland","Eastern Europe"
"NR",19,"1","PT",1995,2742,4.9,"Portugal","Southern Europe"
"NR",19,"1","RO",1995,12171,9.6,"Roumania","Eastern Europe"
"NR",20,"1","AT",1995,2066,5.3,"Austria","Western Europe"
"NR",20,"1","BE",1995,949,2.1,"Belgium","Western Europe"
"NR",20,"1","BG",1995,4718,12.4,"Bulgaria","Eastern Europe"
"NR",20,"1","CZ",1995,6302,14.2,"Czechia","Eastern Europe"
"NR",20,"1","EE",1995,781,11.7,"Estonia","Eastern Europe"
"NR",20,"1","EL",1995,2263,4.8,"Greece","Southern Europe"
"NR",20,"1","ES",1995,4724,2.5,"Spain","Southern Europe"
"NR",20,"1","HU",1995,5271,11,"Hungary","Eastern Europe"
"NR",20,"1","NL",1995,1560,1.8,"Netherlands","Western Europe"
"NR",20,"1","PL",1995,19870,11.3,"Poland","Eastern Europe"
"NR",20,"1","PT",1995,3239,5.7,"Portugal","Southern Europe"
"NR",20,"1","RO",1995,14315,11.3,"Roumania","Eastern Europe"
"NR",21,"1","AT",1995,2386,6.1,"Austria","Western Europe"
"NR",21,"1","BE",1995,1407,3.1,"Belgium","Western Europe"
"NR",21,"1","BG",1995,4408,11.6,"Bulgaria","Eastern Europe"
"NR",21,"1","CZ",1995,6202,14,"Czechia","Eastern Europe"
"NR",21,"1","EE",1995,794,11.9,"Estonia","Eastern Europe"
"NR",21,"1","EL",1995,2745,5.9,"Greece","Southern Europe"
"NR",21,"1","ES",1995,5259,2.8,"Spain","Southern Europe"
"NR",21,"1","HU",1995,4919,10.3,"Hungary","Eastern Europe"
"NR",21,"1","NL",1995,2142,2.5,"Netherlands","Western Europe"
"NR",21,"1","PL",1995,21711,12.3,"Poland","Eastern Europe"
"NR",21,"1","PT",1995,3653,6.5,"Portugal","Southern Europe"
"NR",21,"1","RO",1995,13849,10.9,"Roumania","Eastern Europe"
"NR",22,"1","AT",1995,2552,6.5,"Austria","Western Europe"
"NR",22,"1","BE",1995,2085,4.6,"Belgium","Western Europe"
"NR",22,"1","BG",1995,3476,9.2,"Bulgaria","Eastern Europe"
"NR",22,"1","CZ",1995,4915,11.1,"Czechia","Eastern Europe"
"NR",22,"1","EE",1995,659,9.9,"Estonia","Eastern Europe"
"NR",22,"1","EL",1995,3039,6.5,"Greece","Southern Europe"
"NR",22,"1","ES",1995,6044,3.3,"Spain","Southern Europe"
"NR",22,"1","HU",1995,4456,9.3,"Hungary","Eastern Europe"
"NR",22,"1","NL",1995,2665,3.1,"Netherlands","Western Europe"
"NR",22,"1","PL",1995,21093,12,"Poland","Eastern Europe"
"NR",22,"1","PT",1995,3993,7.1,"Portugal","Southern Europe"
"NR",22,"1","RO",1995,12376,9.8,"Roumania","Eastern Europe"
"NR",23,"1","AT",1995,2938,7.5,"Austria","Western Europe"
"NR",23,"1","BE",1995,2701,6,"Belgium","Western Europe"
"NR",23,"1","BG",1995,2885,7.6,"Bulgaria","Eastern Europe"
"NR",23,"1","CZ",1995,3875,8.7,"Czechia","Eastern Europe"
"NR",23,"1","EE",1995,617,9.3,"Estonia","Eastern Europe"
"NR",23,"1","EL",1995,3314,7.1,"Greece","Southern Europe"
"NR",23,"1","ES",1995,7497,4,"Spain","Southern Europe"
"NR",23,"1","HU",1995,4142,8.7,"Hungary","Eastern Europe"
"NR",23,"1","NL",1995,3375,4,"Netherlands","Western Europe"
"NR",23,"1","PL",1995,18388,10.4,"Poland","Eastern Europe"
"NR",23,"1","PT",1995,4284,7.6,"Portugal","Southern Europe"
"NR",23,"1","RO",1995,11265,8.9,"Roumania","Eastern Europe"
"NR",24,"1","AT",1995,3061,7.8,"Austria","Western Europe"
"NR",24,"1","BE",1995,3785,8.4,"Belgium","Western Europe"
"NR",24,"1","BG",1995,2613,6.9,"Bulgaria","Eastern Europe"
"NR",24,"1","CZ",1995,3180,7.2,"Czechia","Eastern Europe"
"NR",24,"1","EE",1995,467,7,"Estonia","Eastern Europe"
"NR",24,"1","EL",1995,3488,7.4,"Greece","Southern Europe"
"NR",24,"1","ES",1995,9454,5.1,"Spain","Southern Europe"
"NR",24,"1","HU",1995,3858,8.1,"Hungary","Eastern Europe"
"NR",24,"1","NL",1995,4566,5.4,"Netherlands","Western Europe"
"NR",24,"1","PL",1995,15324,8.7,"Poland","Eastern Europe"
"NR",24,"1","PT",1995,4480,7.9,"Portugal","Southern Europe"
"NR",24,"1","RO",1995,9548,7.5,"Roumania","Eastern Europe"
"NR",25,"1","AT",1995,3456,8.8,"Austria","Western Europe"
"NR",25,"1","BE",1995,4530,10,"Belgium","Western Europe"
"NR",25,"1","BG",1995,2011,5.3,"Bulgaria","Eastern Europe"
"NR",25,"1","CZ",1995,2556,5.8,"Czechia","Eastern Europe"
"NR",25,"1","EE",1995,403,6.1,"Estonia","Eastern Europe"
"NR",25,"1","EL",1995,3577,7.6,"Greece","Southern Europe"
"NR",25,"1","ES",1995,11979,6.4,"Spain","Southern Europe"
"NR",25,"1","HU",1995,3608,7.6,"Hungary","Eastern Europe"
"NR",25,"1","NL",1995,5824,6.9,"Netherlands","Western Europe"
"NR",25,"1","PL",1995,12154,6.9,"Poland","Eastern Europe"
"NR",25,"1","PT",1995,4416,7.8,"Portugal","Southern Europe"
"NR",25,"1","RO",1995,8520,6.7,"Roumania","Eastern Europe"
"NR",26,"1","AT",1995,3426,8.7,"Austria","Western Europe"
"NR",26,"1","BE",1995,4817,10.7,"Belgium","Western Europe"
"NR",26,"1","BG",1995,1647,4.3,"Bulgaria","Eastern Europe"
"NR",26,"1","CZ",1995,2004,4.5,"Czechia","Eastern Europe"
"NR",26,"1","EE",1995,295,4.4,"Estonia","Eastern Europe"
"NR",26,"1","EL",1995,3845,8.2,"Greece","Southern Europe"
"NR",26,"1","ES",1995,14247,7.7,"Spain","Southern Europe"
"NR",26,"1","HU",1995,2957,6.2,"Hungary","Eastern Europe"
"NR",26,"1","NL",1995,6945,8.2,"Netherlands","Western Europe"
"NR",26,"1","PL",1995,9106,5.2,"Poland","Eastern Europe"
"NR",26,"1","PT",1995,4498,8,"Portugal","Southern Europe"
"NR",26,"1","RO",1995,7526,5.9,"Roumania","Eastern Europe"
"NR",27,"1","AT",1995,3123,7.9,"Austria","Western Europe"
"NR",27,"1","BE",1995,4848,10.7,"Belgium","Western Europe"
"NR",27,"1","BG",1995,1125,3,"Bulgaria","Eastern Europe"
"NR",27,"1","CZ",1995,1402,3.2,"Czechia","Eastern Europe"
"NR",27,"1","EE",1995,224,3.4,"Estonia","Eastern Europe"
"NR",27,"1","EL",1995,3906,8.3,"Greece","Southern Europe"
"NR",27,"1","ES",1995,16631,9,"Spain","Southern Europe"
"NR",27,"1","HU",1995,2377,5,"Hungary","Eastern Europe"
"NR",27,"1","NL",1995,7576,8.9,"Netherlands","Western Europe"
"NR",27,"1","PL",1995,6580,3.7,"Poland","Eastern Europe"
"NR",27,"1","PT",1995,4156,7.4,"Portugal","Southern Europe"
"NR",27,"1","RO",1995,6817,5.4,"Roumania","Eastern Europe"
"NR",28,"1","AT",1995,2726,6.9,"Austria","Western Europe"
"NR",28,"1","BE",1995,4282,9.5,"Belgium","Western Europe"
"NR",28,"1","BG",1995,732,1.9,"Bulgaria","Eastern Europe"
"NR",28,"1","CZ",1995,1112,2.5,"Czechia","Eastern Europe"
"NR",28,"1","EE",1995,162,2.4,"Estonia","Eastern Europe"
"NR",28,"1","EL",1995,3540,7.6,"Greece","Southern Europe"
"NR",28,"1","ES",1995,17675,9.5,"Spain","Southern Europe"
"NR",28,"1","HU",1995,1615,3.4,"Hungary","Eastern Europe"
"NR",28,"1","NL",1995,8039,9.5,"Netherlands","Western Europe"
"NR",28,"1","PL",1995,4990,2.8,"Poland","Eastern Europe"
"NR",28,"1","PT",1995,3752,6.6,"Portugal","Southern Europe"
"NR",28,"1","RO",1995,3172,2.5,"Roumania","Eastern Europe"
"NR",29,"1","AT",1995,2328,5.9,"Austria","Western Europe"
"NR",29,"1","BE",1995,3456,7.7,"Belgium","Western Europe"
"NR",29,"1","BG",1995,595,1.6,"Bulgaria","Eastern Europe"
"NR",29,"1","CZ",1995,834,1.9,"Czechia","Eastern Europe"
"NR",29,"1","EE",1995,101,1.5,"Estonia","Eastern Europe"
"NR",29,"1","EL",1995,2934,6.3,"Greece","Southern Europe"
"NR",29,"1","ES",1995,17187,9.3,"Spain","Southern Europe"
"NR",29,"1","HU",1995,1179,2.5,"Hungary","Eastern Europe"
"NR",29,"1","NL",1995,8260,9.7,"Netherlands","Western Europe"
"NR",29,"1","PL",1995,3899,2.2,"Poland","Eastern Europe"
"NR",29,"1","PT",1995,3265,5.8,"Portugal","Southern Europe"
"NR",29,"1","RO",1995,1756,1.4,"Roumania","Eastern Europe"
"NR",30,"1","AT",1995,1956,5,"Austria","Western Europe"
"NR",30,"1","BE",1995,2825,6.3,"Belgium","Western Europe"
"NR",30,"1","BG",1995,472,1.2,"Bulgaria","Eastern Europe"
"NR",30,"1","CZ",1995,647,1.5,"Czechia","Eastern Europe"
"NR",30,"1","EE",1995,122,1.8,"Estonia","Eastern Europe"
"NR",30,"1","EL",1995,2432,5.2,"Greece","Southern Europe"
"NR",30,"1","ES",1995,15739,8.5,"Spain","Southern Europe"
"NR",30,"1","HU",1995,813,1.7,"Hungary","Eastern Europe"
"NR",30,"1","NL",1995,7636,9,"Netherlands","Western Europe"
"NR",30,"1","PL",1995,2925,1.7,"Poland","Eastern Europe"
"NR",30,"1","PT",1995,2612,4.6,"Portugal","Southern Europe"
"NR",30,"1","RO",1995,1309,1,"Roumania","Eastern Europe"
"NR",31,"1","AT",1995,1588,4,"Austria","Western Europe"
"NR",31,"1","BE",1995,2151,4.8,"Belgium","Western Europe"
"NR",31,"1","BG",1995,369,1,"Bulgaria","Eastern Europe"
"NR",31,"1","CZ",1995,485,1.1,"Czechia","Eastern Europe"
"NR",31,"1","EE",1995,92,1.4,"Estonia","Eastern Europe"
"NR",31,"1","EL",1995,1823,3.9,"Greece","Southern Europe"
"NR",31,"1","ES",1995,12811,6.9,"Spain","Southern Europe"
"NR",31,"1","HU",1995,611,1.3,"Hungary","Eastern Europe"
"NR",31,"1","NL",1995,6391,7.5,"Netherlands","Western Europe"
"NR",31,"1","PL",1995,2207,1.3,"Poland","Eastern Europe"
"NR",31,"1","PT",1995,1895,3.4,"Portugal","Southern Europe"
"NR",31,"1","RO",1995,1035,0.8,"Roumania","Eastern Europe"
"NR",32,"1","AT",1995,1136,2.9,"Austria","Western Europe"
"NR",32,"1","BE",1995,1595,3.5,"Belgium","Western Europe"
"NR",32,"1","BG",1995,322,0.8,"Bulgaria","Eastern Europe"
"NR",32,"1","CZ",1995,329,0.7,"Czechia","Eastern Europe"
"NR",32,"1","EE",1995,62,0.9,"Estonia","Eastern Europe"
"NR",32,"1","EL",1995,1483,3.2,"Greece","Southern Europe"
"NR",32,"1","ES",1995,9302,5,"Spain","Southern Europe"
"NR",32,"1","HU",1995,472,1,"Hungary","Eastern Europe"
"NR",32,"1","NL",1995,4880,5.7,"Netherlands","Western Europe"
"NR",32,"1","PL",1995,1685,1,"Poland","Eastern Europe"
"NR",32,"1","PT",1995,1460,2.6,"Portugal","Southern Europe"
"NR",32,"1","RO",1995,746,0.6,"Roumania","Eastern Europe"
"NR",33,"1","AT",1995,958,2.4,"Austria","Western Europe"
"NR",33,"1","BE",1995,1181,2.6,"Belgium","Western Europe"
"NR",33,"1","BG",1995,238,0.6,"Bulgaria","Eastern Europe"
"NR",33,"1","CZ",1995,250,0.6,"Czechia","Eastern Europe"
"NR",33,"1","EE",1995,65,1,"Estonia","Eastern Europe"
"NR",33,"1","EL",1995,1112,2.4,"Greece","Southern Europe"
"NR",33,"1","ES",1995,7048,3.8,"Spain","Southern Europe"
"NR",33,"1","HU",1995,324,0.7,"Hungary","Eastern Europe"
"NR",33,"1","NL",1995,3644,4.3,"Netherlands","Western Europe"
"NR",33,"1","PL",1995,1350,0.8,"Poland","Eastern Europe"
"NR",33,"1","PT",1995,1002,1.8,"Portugal","Southern Europe"
"NR",33,"1","RO",1995,619,0.5,"Roumania","Eastern Europe"
"NR",34,"1","AT",1995,639,1.6,"Austria","Western Europe"
"NR",34,"1","BE",1995,933,2.1,"Belgium","Western Europe"
"NR",34,"1","BG",1995,197,0.5,"Bulgaria","Eastern Europe"
"NR",34,"1","CZ",1995,207,0.5,"Czechia","Eastern Europe"
"NR",34,"1","EE",1995,42,0.6,"Estonia","Eastern Europe"
"NR",34,"1","EL",1995,943,2,"Greece","Southern Europe"
"NR",34,"1","ES",1995,5403,2.9,"Spain","Southern Europe"
"NR",34,"1","HU",1995,324,0.7,"Hungary","Eastern Europe"
"NR",34,"1","NL",1995,2705,3.2,"Netherlands","Western Europe"
"NR",34,"1","PL",1995,1117,0.6,"Poland","Eastern Europe"
"NR",34,"1","PT",1995,813,1.4,"Portugal","Southern Europe"
"NR",34,"1","RO",1995,541,0.4,"Roumania","Eastern Europe"
"NR",35,"1","AT",1995,529,1.3,"Austria","Western Europe"
"NR",35,"1","BE",1995,764,1.7,"Belgium","Western Europe"
"NR",35,"1","BG",1995,171,0.5,"Bulgaria","Eastern Europe"
"NR",35,"1","CZ",1995,153,0.3,"Czechia","Eastern Europe"
"NR",35,"1","EE",1995,35,0.5,"Estonia","Eastern Europe"
"NR",35,"1","EL",1995,739,1.6,"Greece","Southern Europe"
"NR",35,"1","ES",1995,4080,2.2,"Spain","Southern Europe"
"NR",35,"1","HU",1995,247,0.5,"Hungary","Eastern Europe"
"NR",35,"1","NL",1995,2138,2.5,"Netherlands","Western Europe"
"NR",35,"1","PL",1995,925,0.5,"Poland","Eastern Europe"
"NR",35,"1","PT",1995,618,1.1,"Portugal","Southern Europe"
"NR",35,"1","RO",1995,407,0.3,"Roumania","Eastern Europe"
"NR",36,"1","AT",1995,364,0.9,"Austria","Western Europe"
"NR",36,"1","BE",1995,543,1.2,"Belgium","Western Europe"
"NR",36,"1","BG",1995,149,0.4,"Bulgaria","Eastern Europe"
"NR",36,"1","CZ",1995,124,0.3,"Czechia","Eastern Europe"
"NR",36,"1","EE",1995,25,0.4,"Estonia","Eastern Europe"
"NR",36,"1","EL",1995,556,1.2,"Greece","Southern Europe"
"NR",36,"1","ES",1995,3044,1.6,"Spain","Southern Europe"
"NR",36,"1","HU",1995,205,0.4,"Hungary","Eastern Europe"
"NR",36,"1","NL",1995,1563,1.8,"Netherlands","Western Europe"
"NR",36,"1","PL",1995,718,0.4,"Poland","Eastern Europe"
"NR",36,"1","PT",1995,432,0.8,"Portugal","Southern Europe"
"NR",36,"1","RO",1995,339,0.3,"Roumania","Eastern Europe"
"NR",37,"1","AT",1995,250,0.6,"Austria","Western Europe"
"NR",37,"1","BE",1995,413,0.9,"Belgium","Western Europe"
"NR",37,"1","BG",1995,103,0.3,"Bulgaria","Eastern Europe"
"NR",37,"1","CZ",1995,115,0.3,"Czechia","Eastern Europe"
"NR",37,"1","EE",1995,28,0.4,"Estonia","Eastern Europe"
"NR",37,"1","EL",1995,464,1,"Greece","Southern Europe"
"NR",37,"1","ES",1995,2254,1.2,"Spain","Southern Europe"
"NR",37,"1","HU",1995,170,0.4,"Hungary","Eastern Europe"
"NR",37,"1","NL",1995,978,1.2,"Netherlands","Western Europe"
"NR",37,"1","PL",1995,597,0.3,"Poland","Eastern Europe"
"NR",37,"1","PT",1995,330,0.6,"Portugal","Southern Europe"
"NR",37,"1","RO",1995,263,0.2,"Roumania","Eastern Europe"
"NR",38,"1","AT",1995,216,0.5,"Austria","Western Europe"
"NR",38,"1","BE",1995,286,0.6,"Belgium","Western Europe"
"NR",38,"1","BG",1995,87,0.2,"Bulgaria","Eastern Europe"
"NR",38,"1","CZ",1995,61,0.1,"Czechia","Eastern Europe"
"NR",38,"1","EE",1995,14,0.2,"Estonia","Eastern Europe"
"NR",38,"1","EL",1995,315,0.7,"Greece","Southern Europe"
"NR",38,"1","ES",1995,1639,0.9,"Spain","Southern Europe"
"NR",38,"1","HU",1995,116,0.2,"Hungary","Eastern Europe"
"NR",38,"1","NL",1995,719,0.8,"Netherlands","Western Europe"
"NR",38,"1","PL",1995,461,0.3,"Poland","Eastern Europe"
"NR",38,"1","PT",1995,231,0.4,"Portugal","Southern Europe"
"NR",38,"1","RO",1995,209,0.2,"Roumania","Eastern Europe"
"NR",39,"1","AT",1995,130,0.3,"Austria","Western Europe"
"NR",39,"1","BE",1995,202,0.4,"Belgium","Western Europe"
"NR",39,"1","BG",1995,50,0.1,"Bulgaria","Eastern Europe"
"NR",39,"1","CZ",1995,59,0.1,"Czechia","Eastern Europe"
"NR",39,"1","EE",1995,15,0.2,"Estonia","Eastern Europe"
"NR",39,"1","EL",1995,239,0.5,"Greece","Southern Europe"
"NR",39,"1","ES",1995,1133,0.6,"Spain","Southern Europe"
"NR",39,"1","HU",1995,94,0.2,"Hungary","Eastern Europe"
"NR",39,"1","NL",1995,492,0.6,"Netherlands","Western Europe"
"NR",39,"1","PL",1995,365,0.2,"Poland","Eastern Europe"
"NR",39,"1","PT",1995,171,0.3,"Portugal","Southern Europe"
"NR",39,"1","RO",1995,154,0.1,"Roumania","Eastern Europe"
"NR",40,"1","AT",1995,79,0.2,"Austria","Western Europe"
"NR",40,"1","BE",1995,140,0.3,"Belgium","Western Europe"
"NR",40,"1","BG",1995,46,0.1,"Bulgaria","Eastern Europe"
"NR",40,"1","CZ",1995,35,0.1,"Czechia","Eastern Europe"
"NR",40,"1","EE",1995,8,0.1,"Estonia","Eastern Europe"
"NR",40,"1","EL",1995,159,0.3,"Greece","Southern Europe"
"NR",40,"1","ES",1995,896,0.5,"Spain","Southern Europe"
"NR",40,"1","HU",1995,68,0.1,"Hungary","Eastern Europe"
"NR",40,"1","NL",1995,300,0.4,"Netherlands","Western Europe"
"NR",40,"1","PL",1995,257,0.1,"Poland","Eastern Europe"
"NR",40,"1","PT",1995,115,0.2,"Portugal","Southern Europe"
"NR",40,"1","RO",1995,105,0.1,"Roumania","Eastern Europe"
"NR",41,"1","AT",1995,38,0.1,"Austria","Western Europe"
"NR",41,"1","BE",1995,80,0.2,"Belgium","Western Europe"
"NR",41,"1","BG",1995,31,0.1,"Bulgaria","Eastern Europe"
"NR",41,"1","CZ",1995,24,0.1,"Czechia","Eastern Europe"
"NR",41,"1","EE",1995,3,0,"Estonia","Eastern Europe"
"NR",41,"1","EL",1995,118,0.3,"Greece","Southern Europe"
"NR",41,"1","ES",1995,600,0.3,"Spain","Southern Europe"
"NR",41,"1","HU",1995,55,0.1,"Hungary","Eastern Europe"
"NR",41,"1","NL",1995,148,0.2,"Netherlands","Western Europe"
"NR",41,"1","PL",1995,176,0.1,"Poland","Eastern Europe"
"NR",41,"1","PT",1995,80,0.1,"Portugal","Southern Europe"
"NR",41,"1","RO",1995,68,0.1,"Roumania","Eastern Europe"
"NR",42,"1","AT",1995,32,0.1,"Austria","Western Europe"
"NR",42,"1","BE",1995,55,0.1,"Belgium","Western Europe"
"NR",42,"1","BG",1995,16,0,"Bulgaria","Eastern Europe"
"NR",42,"1","CZ",1995,14,0,"Czechia","Eastern Europe"
"NR",42,"1","EE",1995,3,0,"Estonia","Eastern Europe"
"NR",42,"1","EL",1995,65,0.1,"Greece","Southern Europe"
"NR",42,"1","ES",1995,380,0.2,"Spain","Southern Europe"
"NR",42,"1","HU",1995,25,0.1,"Hungary","Eastern Europe"
"NR",42,"1","NL",1995,94,0.1,"Netherlands","Western Europe"
"NR",42,"1","PL",1995,99,0.1,"Poland","Eastern Europe"
"NR",42,"1","PT",1995,44,0.1,"Portugal","Southern Europe"
"NR",42,"1","RO",1995,45,0,"Roumania","Eastern Europe"
"NR",43,"1","AT",1995,16,0,"Austria","Western Europe"
"NR",43,"1","BE",1995,25,0.1,"Belgium","Western Europe"
"NR",43,"1","BG",1995,8,0,"Bulgaria","Eastern Europe"
"NR",43,"1","CZ",1995,7,0,"Czechia","Eastern Europe"
"NR",43,"1","EE",1995,2,0,"Estonia","Eastern Europe"
"NR",43,"1","EL",1995,53,0.1,"Greece","Southern Europe"
"NR",43,"1","ES",1995,249,0.1,"Spain","Southern Europe"
"NR",43,"1","HU",1995,16,0,"Hungary","Eastern Europe"
"NR",43,"1","NL",1995,52,0.1,"Netherlands","Western Europe"
"NR",43,"1","PL",1995,60,0,"Poland","Eastern Europe"
"NR",43,"1","PT",1995,20,0,"Portugal","Southern Europe"
"NR",43,"1","RO",1995,31,0,"Roumania","Eastern Europe"
"NR",44,"1","AT",1995,4,0,"Austria","Western Europe"
"NR",44,"1","BE",1995,6,0,"Belgium","Western Europe"
"NR",44,"1","BG",1995,6,0,"Bulgaria","Eastern Europe"
"NR",44,"1","CZ",1995,8,0,"Czechia","Eastern Europe"
"NR",44,"1","EE",1995,1,0,"Estonia","Eastern Europe"
"NR",44,"1","EL",1995,38,0.1,"Greece","Southern Europe"
"NR",44,"1","ES",1995,126,0.1,"Spain","Southern Europe"
"NR",44,"1","HU",1995,4,0,"Hungary","Eastern Europe"
"NR",44,"1","NL",1995,17,0,"Netherlands","Western Europe"
"NR",44,"1","PL",1995,28,0,"Poland","Eastern Europe"
"NR",44,"1","PT",1995,28,0,"Portugal","Southern Europe"
"NR",44,"1","RO",1995,13,0,"Roumania","Eastern Europe"
"NR",45,"1","AT",1995,3,0,"Austria","Western Europe"
"NR",45,"1","BE",1995,13,0,"Belgium","Western Europe"
"NR",45,"1","BG",1995,3,0,"Bulgaria","Eastern Europe"
"NR",45,"1","CZ",1995,0,0,"Czechia","Eastern Europe"
"NR",45,"1","EE",1995,2,0,"Estonia","Eastern Europe"
"NR",45,"1","EL",1995,31,0.1,"Greece","Southern Europe"
"NR",45,"1","ES",1995,78,0,"Spain","Southern Europe"
"NR",45,"1","HU",1995,1,0,"Hungary","Eastern Europe"
"NR",45,"1","NL",1995,7,0,"Netherlands","Western Europe"
"NR",45,"1","PL",1995,9,0,"Poland","Eastern Europe"
"NR",45,"1","PT",1995,12,0,"Portugal","Southern Europe"
"NR",45,"1","RO",1995,11,0,"Roumania","Eastern Europe"
"NR",46,"1","AT",1995,1,0,"Austria","Western Europe"
"NR",46,"1","BE",1995,4,0,"Belgium","Western Europe"
"NR",46,"1","BG",1995,1,0,"Bulgaria","Eastern Europe"
"NR",46,"1","CZ",1995,0,0,"Czechia","Eastern Europe"
"NR",46,"1","EE",1995,0,0,"Estonia","Eastern Europe"
"NR",46,"1","EL",1995,18,0,"Greece","Southern Europe"
"NR",46,"1","ES",1995,29,0,"Spain","Southern Europe"
"NR",46,"1","HU",1995,1,0,"Hungary","Eastern Europe"
"NR",46,"1","NL",1995,2,0,"Netherlands","Western Europe"
"NR",46,"1","PL",1995,4,0,"Poland","Eastern Europe"
"NR",46,"1","PT",1995,1,0,"Portugal","Southern Europe"
"NR",46,"1","RO",1995,6,0,"Roumania","Eastern Europe"
"NR",47,"1","AT",1995,0,0,"Austria","Western Europe"
"NR",47,"1","BE",1995,0,0,"Belgium","Western Europe"
"NR",47,"1","BG",1995,2,0,"Bulgaria","Eastern Europe"
"NR",47,"1","CZ",1995,0,0,"Czechia","Eastern Europe"
"NR",47,"1","EE",1995,0,0,"Estonia","Eastern Europe"
"NR",47,"1","EL",1995,11,0,"Greece","Southern Europe"
"NR",47,"1","ES",1995,14,0,"Spain","Southern Europe"
"NR",47,"1","HU",1995,0,0,"Hungary","Eastern Europe"
"NR",47,"1","NL",1995,2,0,"Netherlands","Western Europe"
"NR",47,"1","PL",1995,2,0,"Poland","Eastern Europe"
"NR",47,"1","PT",1995,4,0,"Portugal","Southern Europe"
"NR",47,"1","RO",1995,0,0,"Roumania","Eastern Europe"
"NR",48,"1","AT",1995,0,0,"Austria","Western Europe"
"NR",48,"1","BE",1995,0,0,"Belgium","Western Europe"
"NR",48,"1","BG",1995,0,0,"Bulgaria","Eastern Europe"
"NR",48,"1","CZ",1995,0,0,"Czechia","Eastern Europe"
"NR",48,"1","EE",1995,0,0,"Estonia","Eastern Europe"
"NR",48,"1","EL",1995,5,0,"Greece","Southern Europe"
"NR",48,"1","ES",1995,4,0,"Spain","Southern Europe"
"NR",48,"1","HU",1995,1,0,"Hungary","Eastern Europe"
"NR",48,"1","NL",1995,1,0,"Netherlands","Western Europe"
"NR",48,"1","PL",1995,0,0,"Poland","Eastern Europe"
"NR",48,"1","PT",1995,0,0,"Portugal","Southern Europe"
"NR",48,"1","RO",1995,0,0,"Roumania","Eastern Europe"
"NR",49,"1","AT",1995,0,0,"Austria","Western Europe"
"NR",49,"1","BE",1995,1,0,"Belgium","Western Europe"
"NR",49,"1","BG",1995,0,0,"Bulgaria","Eastern Europe"
"NR",49,"1","CZ",1995,0,0,"Czechia","Eastern Europe"
"NR",49,"1","EE",1995,0,0,"Estonia","Eastern Europe"
"NR",49,"1","EL",1995,5,0,"Greece","Southern Europe"
"NR",49,"1","ES",1995,4,0,"Spain","Southern Europe"
"NR",49,"1","HU",1995,0,0,"Hungary","Eastern Europe"
"NR",49,"1","NL",1995,0,0,"Netherlands","Western Europe"
"NR",49,"1","PL",1995,1,0,"Poland","Eastern Europe"
"NR",49,"1","PT",1995,0,0,"Portugal","Southern Europe"
"NR",49,"1","RO",1995,0,0,"Roumania","Eastern Europe"
